feature,mean_abs_shap_value
Temperature,1.591852020937822
Wind v,1.1484729390793356
Wind u,0.9550219410136577
ISO,0.715043572000463
CLD,0.7032210964644235
Rainfall,0.6244601819969288
NIB_5000,0.61134213488651
BL_100,0.5330234019693726
Month,0.5073401396369882
HNG_1000,0.48227952293253956
F_1000,0.4701902157772916
IB_5000,0.43575866962604526
NNG_500,0.4244702625463779
Season,0.40264032587719123
F_5000,0.3884202671611655
HNG_5000,0.38677796993204694
WB_5000,0.36020085334661545
NG_1000,0.3315849989014581
IB_1000,0.31888165665017226
NNG_1000,0.3102273117931435
NG_5000,0.30760378249322123
RH,0.3064647636051238
NNG_300,0.2939266969907829
BL_5000,0.2797528299958744
BL_1000,0.26619078603936286
H8_AOD,0.2331302226177439
R_300,0.22507987588874565
F_300,0.1879436605021374
H8_NPMBB,0.1865227843173777
NIB_1000,0.18361714017079675
BL_500,0.17201613052161605
NIB_500,0.16228981508751888
NNG_5000,0.13044041495090342
R_100,0.12652657441575557
R_500,0.12307574748407656
IB_500,0.1217019023820768
WB_1000,0.1135079425739774
NIB_100,0.11293353860395035
H8_NPM,0.10896375761811748
NNG_100,0.10191399062285454
R_25,0.09477574243679487
F_100,0.09213827580197226
HNG_300,0.08267688578038568
H8_NPMAP,0.08117535210292001
R_1000,0.07857710594155286
R_50,0.07309442679420394
HNG_500,0.06845964948868079
NG_300,0.06774013519501898
WB_500,0.06449136592079321
BL_300,0.061251320374753684
H8_NAOD,0.05507948036588165
WB_100,0.04250284440627756
IB_300,0.04165597130449617
WB_300,0.04118329624294508
NIB_300,0.03905557634479541
NG_500,0.037892124264865455
NG_100,0.037108641901223836
Elevation,0.03309598238488429
F_500,0.026517886785751562
IB_100,0.01698418990540576
HNG_100,0.006369316284845686
